customer_id,customer_name,avg_spend
C110,Neha Reddy,2500
C101,Amit Verma,2500
C102,Amit Verma,2500
C110,Simran Kaur,2500
C103,Simran Kaur,2500
C102,Vivek Gupta,2500
C107,Vivek Gupta,2000
C105,Vivek Gupta,2000
C109,Priya Sharma,2000
C109,Anita Singh,2000
C101,Karan Patel,2000
C101,Anita Singh,2000
C110,Karan Patel,1575
C101,Neha Reddy,1500
C104,Amit Verma,1500
C103,Karan Patel,1500
C105,Priya Sharma,1500
C107,Simran Kaur,1500
C101,Priya Sharma,1250
C105,Amit Verma,1200
C106,Arjun Malhotra,1200
C102,Neha Reddy,1200
C105,Simran Kaur,1150
C105,Arjun Malhotra,1150
C107,Neha Reddy,1100
C108,Vivek Gupta,1000
C108,Sneha Kapoor,1000
C102,Priya Sharma,1000
C103,Vivek Gupta,1000
C106,Simran Kaur,900
C110,Vivek Gupta,900
C107,Sneha Kapoor,850
C102,Karan Patel,850
C103,Priya Sharma,850
C110,Raj Mehta,800
C102,Raj Mehta,800
C109,Vivek Gupta,800
C103,Arjun Malhotra,800
C107,Priya Sharma,800
C104,Priya Sharma,800
C103,Amit Verma,766.6666666666666
C108,Karan Patel,750
C106,Priya Sharma,650
C106,Anita Singh,600
C109,Sneha Kapoor,500
C108,Arjun Malhotra,500
C108,Raj Mehta,500
C107,Arjun Malhotra,500
C106,Karan Patel,500
C110,Arjun Malhotra,500
C110,Sneha Kapoor,500
C107,Amit Verma,300
C106,Neha Reddy,300
C105,Karan Patel,300
C107,Anita Singh,300
C107,Karan Patel,300
C109,Karan Patel,300
