customer_id,customer_name,total_spend
C110,Karan Patel,6300
C104,Amit Verma,4500
C101,Karan Patel,4000
C107,Vivek Gupta,4000
C101,Anita Singh,4000
C102,Vivek Gupta,2500
C110,Neha Reddy,2500
C102,Amit Verma,2500
C101,Amit Verma,2500
C103,Simran Kaur,2500
C110,Simran Kaur,2500
C101,Priya Sharma,2500
C105,Arjun Malhotra,2300
C105,Simran Kaur,2300
C103,Amit Verma,2300
C107,Neha Reddy,2200
C109,Anita Singh,2000
C105,Vivek Gupta,2000
C109,Priya Sharma,2000
C106,Simran Kaur,1800
C106,Anita Singh,1800
C110,Vivek Gupta,1800
C107,Sneha Kapoor,1700
C102,Karan Patel,1700
C103,Priya Sharma,1700
C101,Neha Reddy,1500
C103,Karan Patel,1500
C107,Simran Kaur,1500
C108,Karan Patel,1500
C105,Priya Sharma,1500
C106,Priya Sharma,1300
C105,Amit Verma,1200
C106,Arjun Malhotra,1200
C102,Neha Reddy,1200
C108,Vivek Gupta,1000
C108,Sneha Kapoor,1000
C102,Priya Sharma,1000
C103,Vivek Gupta,1000
C110,Raj Mehta,800
C104,Priya Sharma,800
C102,Raj Mehta,800
C109,Vivek Gupta,800
C107,Priya Sharma,800
C103,Arjun Malhotra,800
C109,Sneha Kapoor,500
C108,Arjun Malhotra,500
C108,Raj Mehta,500
C107,Arjun Malhotra,500
C106,Karan Patel,500
C110,Arjun Malhotra,500
C110,Sneha Kapoor,500
C107,Amit Verma,300
C106,Neha Reddy,300
C105,Karan Patel,300
C107,Anita Singh,300
C107,Karan Patel,300
C109,Karan Patel,300
