appointment_id,customer_id,customer_name,service_type,service_price,appointment_date,appointment_time,staff_name,customer_feedback_rating
A001,C104,Amit Verma,Pedicure,1000,2025-08-01,09:00,Rohit,4
A002,C105,Arjun Malhotra,Waxing,1500,2025-08-01,17:00,Kavita,3
A003,C107,Amit Verma,Threading,300,2025-08-03,09:30,Rohit,5
A004,C106,Karan Patel,Haircut,500,2025-08-04,19:00,Anita,4
A005,C103,Amit Verma,Waxing,1500,2025-08-01,20:00,Rohit,5
A006,C109,Sneha Kapoor,Haircut,500,2025-08-12,10:00,Anita,3
A007,C110,Raj Mehta,Manicure,800,2025-08-01,15:30,Kavita,5
A008,C110,Vivek Gupta,Threading,300,2025-08-16,10:00,Suresh,3
A009,C110,Sneha Kapoor,Haircut,500,2025-08-01,18:30,Suresh,4
A010,C102,Vivek Gupta,Hair Coloring,2500,2025-08-10,14:00,Kavita,5
A011,C101,Priya Sharma,Waxing,1500,2025-08-10,17:30,Suresh,5
A012,C109,Priya Sharma,Massage,2000,2025-08-06,18:00,Anita,3
A013,C106,Anita Singh,Threading,300,2025-08-02,19:00,Rohit,5
A014,C105,Karan Patel,Threading,300,2025-08-05,13:00,Rohit,5
A015,C103,Simran Kaur,Hair Coloring,2500,2025-08-16,17:30,Rohit,5
A016,C109,Anita Singh,Massage,2000,2025-08-16,12:30,Kavita,5
A017,C110,Simran Kaur,Hair Coloring,2500,2025-08-14,13:30,Kavita,4
A018,C101,Amit Verma,Hair Coloring,2500,2025-08-06,11:30,Anita,5
A019,C107,Anita Singh,Threading,300,2025-08-08,18:30,Kavita,3
A020,C101,Karan Patel,Waxing,1500,2025-08-06,12:30,Anita,4
A021,C108,Raj Mehta,Haircut,500,2025-08-15,17:30,Rohit,4
A022,C107,Arjun Malhotra,Haircut,500,2025-08-06,18:00,Meena,4
A023,C106,Priya Sharma,Threading,300,2025-08-13,18:30,Kavita,5
A024,C101,Priya Sharma,Pedicure,1000,2025-08-11,16:30,Anita,5
A025,C105,Vivek Gupta,Massage,2000,2025-08-06,15:00,Meena,3
A026,C103,Priya Sharma,Facial,1200,2025-08-03,10:00,Meena,3
A027,C107,Sneha Kapoor,Facial,1200,2025-08-12,16:00,Anita,4
A028,C101,Karan Patel,Hair Coloring,2500,2025-08-08,13:30,Anita,4
A029,C102,Karan Patel,Haircut,500,2025-08-06,11:30,Suresh,5
A030,C110,Karan Patel,Hair Coloring,2500,2025-08-11,10:30,Anita,3
A031,C107,Neha Reddy,Pedicure,1000,2025-08-02,14:00,Kavita,4
A032,C108,Arjun Malhotra,Haircut,500,2025-08-04,12:30,Meena,3
A033,C101,Anita Singh,Waxing,1500,2025-08-04,16:00,Rohit,5
A034,C110,Arjun Malhotra,Haircut,500,2025-08-01,14:00,Rohit,4
A035,C107,Karan Patel,Threading,300,2025-08-04,16:30,Suresh,3
A036,C106,Neha Reddy,Threading,300,2025-08-09,16:30,Rohit,5
A037,C108,Karan Patel,Haircut,500,2025-08-16,10:30,Kavita,4
A038,C102,Neha Reddy,Facial,1200,2025-08-02,18:00,Rohit,5
A039,C103,Vivek Gupta,Pedicure,1000,2025-08-05,17:30,Rohit,5
A040,C102,Priya Sharma,Pedicure,1000,2025-08-04,17:00,Meena,4
A041,C106,Arjun Malhotra,Facial,1200,2025-08-02,16:30,Anita,5
A042,C104,Amit Verma,Pedicure,1000,2025-08-11,20:30,Meena,5
A043,C105,Simran Kaur,Manicure,800,2025-08-13,09:00,Anita,4
A044,C108,Sneha Kapoor,Pedicure,1000,2025-08-08,09:30,Rohit,5
A045,C103,Amit Verma,Threading,300,2025-08-09,20:00,Kavita,5
A046,C102,Karan Patel,Facial,1200,2025-08-10,14:00,Rohit,4
A047,C104,Amit Verma,Hair Coloring,2500,2025-08-05,14:30,Suresh,4
A048,C107,Vivek Gupta,Waxing,1500,2025-08-07,15:00,Suresh,5
A049,C102,Amit Verma,Hair Coloring,2500,2025-08-04,11:30,Suresh,5
A050,C106,Anita Singh,Pedicure,1000,2025-08-06,18:00,Rohit,5
A051,C107,Neha Reddy,Facial,1200,2025-08-09,13:30,Anita,5
A052,C107,Simran Kaur,Waxing,1500,2025-08-10,15:00,Anita,3
A053,C106,Anita Singh,Haircut,500,2025-08-02,13:30,Kavita,4
A054,C103,Amit Verma,Haircut,500,2025-08-14,09:00,Kavita,4
A055,C101,Anita Singh,Hair Coloring,2500,2025-08-02,14:30,Kavita,3
A056,C107,Priya Sharma,Manicure,800,2025-08-15,18:30,Kavita,5
A057,C106,Simran Kaur,Threading,300,2025-08-06,12:30,Suresh,5
A058,C110,Karan Patel,Waxing,1500,2025-08-15,19:30,Anita,4
A059,C105,Simran Kaur,Waxing,1500,2025-08-13,18:30,Rohit,4
A060,C107,Sneha Kapoor,Haircut,500,2025-08-05,14:00,Rohit,5
A061,C110,Neha Reddy,Hair Coloring,2500,2025-08-04,20:30,Rohit,4
A062,C103,Priya Sharma,Haircut,500,2025-08-02,15:00,Suresh,3
A063,C108,Vivek Gupta,Pedicure,1000,2025-08-14,16:30,Kavita,5
A064,C110,Karan Patel,Manicure,800,2025-08-10,11:00,Suresh,4
A065,C107,Vivek Gupta,Hair Coloring,2500,2025-08-13,16:30,Meena,5
A066,C109,Vivek Gupta,Manicure,800,2025-08-15,19:30,Anita,4
A067,C106,Priya Sharma,Pedicure,1000,2025-08-13,09:00,Kavita,5
A068,C103,Karan Patel,Waxing,1500,2025-08-04,18:30,Kavita,4
A069,C103,Arjun Malhotra,Manicure,800,2025-08-11,09:00,Meena,4
A070,C104,Priya Sharma,Manicure,800,2025-08-10,10:00,Anita,5
A071,C110,Karan Patel,Waxing,1500,2025-08-06,19:30,Rohit,3
A072,C106,Simran Kaur,Waxing,1500,2025-08-09,18:30,Meena,5
A073,C101,Neha Reddy,Waxing,1500,2025-08-06,12:30,Kavita,3
A074,C102,Raj Mehta,Manicure,800,2025-08-15,20:00,Suresh,4
A075,C110,Vivek Gupta,Waxing,1500,2025-08-10,18:00,Kavita,4
A076,C109,Karan Patel,Threading,300,2025-08-06,10:30,Kavita,3
A077,C105,Priya Sharma,Waxing,1500,2025-08-07,09:00,Kavita,5
A078,C105,Arjun Malhotra,Manicure,800,2025-08-12,16:30,Suresh,4
A079,C105,Amit Verma,Facial,1200,2025-08-01,14:30,Meena,4
A080,C108,Karan Patel,Pedicure,1000,2025-08-07,18:00,Suresh,4
